{
  "SchemaVersion": 2,
  "CreatedAt": "2025-05-14T20:13:31.708195422Z",
  "ArtifactName": "682033485149.dkr.ecr.us-east-1.amazonaws.com/dev/kustode:alert-e71559246d8414be4c3582eeda7aeca1d790eb98",
  "ArtifactType": "container_image",
  "Metadata": {
    "Size": 281743872,
    "OS": {
      "Family": "debian",
      "Name": "12.10"
    },
    "ImageID": "sha256:639b388bd5fe5c8a6567cbb8cc090ad06537bc91d9672b68c32b43e2c852afc9",
    "DiffIDs": [
      "sha256:6c4c763d22d0c5f9b2c5901dfa667fbbc4713cee6869336b8fd5022185071f1c",
      "sha256:adb057d02f88ea76ce8ccd9a9b12c418c315af74d44ec242212df209eb62f560",
      "sha256:91bd78b864ed8711350ab463a5d123ea251c61161da4456b13662a6e8e7a4dbc",
      "sha256:23aa89a8a4248fb42847aba2e81e7e2472d8c536da4e245f6f73573d4d9042fb",
      "sha256:7d39ef6e48c9dcd12dcba5ad2a4a3cbb42f58fedb4eb7c604f19feef7979bbc5",
      "sha256:a9ce09d59fce5034823f98a7f43e483645a43d4bebbe2805647c91881361c33a",
      "sha256:90b3f1a3b49787d489ee24959e3a3be86f7fc74cd2ce2dd5fedded46899c7ec7",
      "sha256:9ec02d12959cf44eb173e4960c0911fd7f42684508309809eeb5f74e1c128a5a",
      "sha256:f6135876ddf1c0be4d78cc61dc16a209571d118dda7b0ad37894ec5d0aee6a44",
      "sha256:95d2b32435d8304dd84e9b11b81cec9f554934a6c1805ab188d4aa6110668807",
      "sha256:257c908f5acb82bebc9adad16ee6dd227229c454771f387dae77ed40f22f42e5"
    ],
    "RepoTags": [
      "682033485149.dkr.ecr.us-east-1.amazonaws.com/dev/kustode:alert-e71559246d8414be4c3582eeda7aeca1d790eb98"
    ],
    "RepoDigests": [
      "682033485149.dkr.ecr.us-east-1.amazonaws.com/dev/kustode@sha256:2ecbab7cd31c86b722dbe5dcfeb65d1c44ec0af21ce7a8cb0830f7700a949baf"
    ],
    "ImageConfig": {
      "architecture": "amd64",
      "created": "2025-05-14T20:09:18.640719486Z",
      "history": [
        {
          "created": "2025-04-28T00:00:00Z",
          "created_by": "# debian.sh --arch 'amd64' out/ 'bookworm' '@1745798400'",
          "comment": "debuerreotype 0.15"
        },
        {
          "created": "2025-05-08T22:27:23Z",
          "created_by": "ENV PATH=/usr/local/bin:/usr/local/sbin:/usr/local/bin:/usr/sbin:/usr/bin:/sbin:/bin",
          "comment": "buildkit.dockerfile.v0",
          "empty_layer": true
        },
        {
          "created": "2025-05-08T22:27:23Z",
          "created_by": "ENV LANG=C.UTF-8",
          "comment": "buildkit.dockerfile.v0",
          "empty_layer": true
        },
        {
          "created": "2025-05-08T22:27:23Z",
          "created_by": "RUN /bin/sh -c set -eux; \tapt-get update; \tapt-get install -y --no-install-recommends \t\tca-certificates \t\tnetbase \t\ttzdata \t; \trm -rf /var/lib/apt/lists/* # buildkit",
          "comment": "buildkit.dockerfile.v0"
        },
        {
          "created": "2025-05-08T22:27:23Z",
          "created_by": "ENV GPG_KEY=A035C8C19219BA821ECEA86B64E628F8D684696D",
          "comment": "buildkit.dockerfile.v0",
          "empty_layer": true
        },
        {
          "created": "2025-05-08T22:27:23Z",
          "created_by": "ENV PYTHON_VERSION=3.11.12",
          "comment": "buildkit.dockerfile.v0",
          "empty_layer": true
        },
        {
          "created": "2025-05-08T22:27:23Z",
          "created_by": "ENV PYTHON_SHA256=849da87af4df137710c1796e276a955f7a85c9f971081067c8f565d15c352a09",
          "comment": "buildkit.dockerfile.v0",
          "empty_layer": true
        },
        {
          "created": "2025-05-08T22:27:23Z",
          "created_by": "RUN /bin/sh -c set -eux; \t\tsavedAptMark=\"$(apt-mark showmanual)\"; \tapt-get update; \tapt-get install -y --no-install-recommends \t\tdpkg-dev \t\tgcc \t\tgnupg \t\tlibbluetooth-dev \t\tlibbz2-dev \t\tlibc6-dev \t\tlibdb-dev \t\tlibffi-dev \t\tlibgdbm-dev \t\tliblzma-dev \t\tlibncursesw5-dev \t\tlibreadline-dev \t\tlibsqlite3-dev \t\tlibssl-dev \t\tmake \t\ttk-dev \t\tuuid-dev \t\twget \t\txz-utils \t\tzlib1g-dev \t; \t\twget -O python.tar.xz \"https://www.python.org/ftp/python/${PYTHON_VERSION%%[a-z]*}/Python-$PYTHON_VERSION.tar.xz\"; \techo \"$PYTHON_SHA256 *python.tar.xz\" | sha256sum -c -; \twget -O python.tar.xz.asc \"https://www.python.org/ftp/python/${PYTHON_VERSION%%[a-z]*}/Python-$PYTHON_VERSION.tar.xz.asc\"; \tGNUPGHOME=\"$(mktemp -d)\"; export GNUPGHOME; \tgpg --batch --keyserver hkps://keys.openpgp.org --recv-keys \"$GPG_KEY\"; \tgpg --batch --verify python.tar.xz.asc python.tar.xz; \tgpgconf --kill all; \trm -rf \"$GNUPGHOME\" python.tar.xz.asc; \tmkdir -p /usr/src/python; \ttar --extract --directory /usr/src/python --strip-components=1 --file python.tar.xz; \trm python.tar.xz; \t\tcd /usr/src/python; \tgnuArch=\"$(dpkg-architecture --query DEB_BUILD_GNU_TYPE)\"; \t./configure \t\t--build=\"$gnuArch\" \t\t--enable-loadable-sqlite-extensions \t\t--enable-optimizations \t\t--enable-option-checking=fatal \t\t--enable-shared \t\t$(test \"$gnuArch\" != 'riscv64-linux-musl' \u0026\u0026 echo '--with-lto') \t\t--with-ensurepip \t; \tnproc=\"$(nproc)\"; \tEXTRA_CFLAGS=\"$(dpkg-buildflags --get CFLAGS)\"; \tLDFLAGS=\"$(dpkg-buildflags --get LDFLAGS)\"; \tLDFLAGS=\"${LDFLAGS:--Wl},--strip-all\"; \tmake -j \"$nproc\" \t\t\"EXTRA_CFLAGS=${EXTRA_CFLAGS:-}\" \t\t\"LDFLAGS=${LDFLAGS:-}\" \t; \trm python; \tmake -j \"$nproc\" \t\t\"EXTRA_CFLAGS=${EXTRA_CFLAGS:-}\" \t\t\"LDFLAGS=${LDFLAGS:--Wl},-rpath='\\$\\$ORIGIN/../lib'\" \t\tpython \t; \tmake install; \t\tcd /; \trm -rf /usr/src/python; \t\tfind /usr/local -depth \t\t\\( \t\t\t\\( -type d -a \\( -name test -o -name tests -o -name idle_test \\) \\) \t\t\t-o \\( -type f -a \\( -name '*.pyc' -o -name '*.pyo' -o -name 'libpython*.a' \\) \\) \t\t\\) -exec rm -rf '{}' + \t; \t\tldconfig; \t\tapt-mark auto '.*' \u003e /dev/null; \tapt-mark manual $savedAptMark; \tfind /usr/local -type f -executable -not \\( -name '*tkinter*' \\) -exec ldd '{}' ';' \t\t| awk '/=\u003e/ { so = $(NF-1); if (index(so, \"/usr/local/\") == 1) { next }; gsub(\"^/(usr/)?\", \"\", so); printf \"*%s\\n\", so }' \t\t| sort -u \t\t| xargs -r dpkg-query --search \t\t| cut -d: -f1 \t\t| sort -u \t\t| xargs -r apt-mark manual \t; \tapt-get purge -y --auto-remove -o APT::AutoRemove::RecommendsImportant=false; \trm -rf /var/lib/apt/lists/*; \t\texport PYTHONDONTWRITEBYTECODE=1; \tpython3 --version; \t\tpip3 install \t\t--disable-pip-version-check \t\t--no-cache-dir \t\t--no-compile \t\t'setuptools==65.5.1' \t\t'wheel\u003c0.46' \t; \tpip3 --version # buildkit",
          "comment": "buildkit.dockerfile.v0"
        },
        {
          "created": "2025-05-08T22:27:23Z",
          "created_by": "RUN /bin/sh -c set -eux; \tfor src in idle3 pip3 pydoc3 python3 python3-config; do \t\tdst=\"$(echo \"$src\" | tr -d 3)\"; \t\t[ -s \"/usr/local/bin/$src\" ]; \t\t[ ! -e \"/usr/local/bin/$dst\" ]; \t\tln -svT \"$src\" \"/usr/local/bin/$dst\"; \tdone # buildkit",
          "comment": "buildkit.dockerfile.v0"
        },
        {
          "created": "2025-05-08T22:27:23Z",
          "created_by": "CMD [\"python3\"]",
          "comment": "buildkit.dockerfile.v0",
          "empty_layer": true
        },
        {
          "created": "2025-05-14T20:08:09Z",
          "created_by": "WORKDIR /app",
          "comment": "buildkit.dockerfile.v0"
        },
        {
          "created": "2025-05-14T20:08:17Z",
          "created_by": "RUN /bin/sh -c apt-get update \u0026\u0026 apt-get install -y --no-install-recommends libpq5=15.12-0+deb12u2 \u0026\u0026 rm -rf /var/lib/apt/lists/* # buildkit",
          "comment": "buildkit.dockerfile.v0"
        },
        {
          "created": "2025-05-14T20:08:17Z",
          "created_by": "RUN /bin/sh -c groupadd -r appgroup \u0026\u0026 useradd -r -g appgroup -s /sbin/nologin appuser     \u0026\u0026 mkdir -p /app/logs /app/data /app/alerts     \u0026\u0026 chown -R appuser:appgroup /app # buildkit",
          "comment": "buildkit.dockerfile.v0"
        },
        {
          "created": "2025-05-14T20:09:17Z",
          "created_by": "COPY /usr/local/lib/python3.11/site-packages/ /usr/local/lib/python3.11/site-packages/ # buildkit",
          "comment": "buildkit.dockerfile.v0"
        },
        {
          "created": "2025-05-14T20:09:17Z",
          "created_by": "COPY /usr/local/bin/ /usr/local/bin/ # buildkit",
          "comment": "buildkit.dockerfile.v0"
        },
        {
          "created": "2025-05-14T20:09:17Z",
          "created_by": "COPY --chown=appuser:appgroup . . # buildkit",
          "comment": "buildkit.dockerfile.v0"
        },
        {
          "created": "2025-05-14T20:09:18Z",
          "created_by": "RUN /bin/sh -c chmod -R 550 /app \u0026\u0026     chmod -R 770 /app/logs /app/data /app/alerts # buildkit",
          "comment": "buildkit.dockerfile.v0"
        },
        {
          "created": "2025-05-14T20:09:18Z",
          "created_by": "USER appuser",
          "comment": "buildkit.dockerfile.v0",
          "empty_layer": true
        },
        {
          "created": "2025-05-14T20:09:18Z",
          "created_by": "ENV PYTHONPATH=/app PYTHONUNBUFFERED=1 PYTHONDONTWRITEBYTECODE=1 PATH=/app/scripts:/usr/local/bin:/usr/local/sbin:/usr/local/bin:/usr/sbin:/usr/bin:/sbin:/bin",
          "comment": "buildkit.dockerfile.v0",
          "empty_layer": true
        },
        {
          "created": "2025-05-14T20:09:18Z",
          "created_by": "HEALTHCHECK \u0026{[\"CMD-SHELL\" \"curl -f http://localhost:8000/health || exit 1\"] \"30s\" \"30s\" \"5s\" \"0s\" '\\x03'}",
          "comment": "buildkit.dockerfile.v0",
          "empty_layer": true
        },
        {
          "created": "2025-05-14T20:09:18Z",
          "created_by": "EXPOSE map[8000/tcp:{} 9090/tcp:{}]",
          "comment": "buildkit.dockerfile.v0",
          "empty_layer": true
        },
        {
          "created": "2025-05-14T20:09:18Z",
          "created_by": "CMD [\"uvicorn\" \"services.alert.main:app\" \"--host\" \"0.0.0.0\" \"--port\" \"8000\" \"--workers\" \"4\" \"--proxy-headers\"]",
          "comment": "buildkit.dockerfile.v0",
          "empty_layer": true
        }
      ],
      "os": "linux",
      "rootfs": {
        "type": "layers",
        "diff_ids": [
          "sha256:6c4c763d22d0c5f9b2c5901dfa667fbbc4713cee6869336b8fd5022185071f1c",
          "sha256:adb057d02f88ea76ce8ccd9a9b12c418c315af74d44ec242212df209eb62f560",
          "sha256:91bd78b864ed8711350ab463a5d123ea251c61161da4456b13662a6e8e7a4dbc",
          "sha256:23aa89a8a4248fb42847aba2e81e7e2472d8c536da4e245f6f73573d4d9042fb",
          "sha256:7d39ef6e48c9dcd12dcba5ad2a4a3cbb42f58fedb4eb7c604f19feef7979bbc5",
          "sha256:a9ce09d59fce5034823f98a7f43e483645a43d4bebbe2805647c91881361c33a",
          "sha256:90b3f1a3b49787d489ee24959e3a3be86f7fc74cd2ce2dd5fedded46899c7ec7",
          "sha256:9ec02d12959cf44eb173e4960c0911fd7f42684508309809eeb5f74e1c128a5a",
          "sha256:f6135876ddf1c0be4d78cc61dc16a209571d118dda7b0ad37894ec5d0aee6a44",
          "sha256:95d2b32435d8304dd84e9b11b81cec9f554934a6c1805ab188d4aa6110668807",
          "sha256:257c908f5acb82bebc9adad16ee6dd227229c454771f387dae77ed40f22f42e5"
        ]
      },
      "config": {
        "Cmd": [
          "uvicorn",
          "services.alert.main:app",
          "--host",
          "0.0.0.0",
          "--port",
          "8000",
          "--workers",
          "4",
          "--proxy-headers"
        ],
        "Healthcheck": {
          "Test": [
            "CMD-SHELL",
            "curl -f http://localhost:8000/health || exit 1"
          ],
          "Interval": 30000000000,
          "Timeout": 30000000000,
          "StartPeriod": 5000000000,
          "Retries": 3
        },
        "Env": [
          "PATH=/app/scripts:/usr/local/bin:/usr/local/sbin:/usr/local/bin:/usr/sbin:/usr/bin:/sbin:/bin",
          "LANG=C.UTF-8",
          "GPG_KEY=A035C8C19219BA821ECEA86B64E628F8D684696D",
          "PYTHON_VERSION=3.11.12",
          "PYTHON_SHA256=849da87af4df137710c1796e276a955f7a85c9f971081067c8f565d15c352a09",
          "PYTHONPATH=/app",
          "PYTHONUNBUFFERED=1",
          "PYTHONDONTWRITEBYTECODE=1"
        ],
        "User": "appuser",
        "WorkingDir": "/app",
        "ExposedPorts": {
          "8000": {},
          "9090": {}
        },
        "ArgsEscaped": true
      }
    },
    "Layers": [
      {
        "Size": 77895680,
        "DiffID": "sha256:6c4c763d22d0c5f9b2c5901dfa667fbbc4713cee6869336b8fd5022185071f1c"
      },
      {
        "Size": 9546240,
        "DiffID": "sha256:adb057d02f88ea76ce8ccd9a9b12c418c315af74d44ec242212df209eb62f560"
      },
      {
        "Size": 47500800,
        "DiffID": "sha256:91bd78b864ed8711350ab463a5d123ea251c61161da4456b13662a6e8e7a4dbc"
      },
      {
        "Size": 5120,
        "DiffID": "sha256:23aa89a8a4248fb42847aba2e81e7e2472d8c536da4e245f6f73573d4d9042fb"
      },
      {
        "Size": 1536,
        "DiffID": "sha256:7d39ef6e48c9dcd12dcba5ad2a4a3cbb42f58fedb4eb7c604f19feef7979bbc5"
      },
      {
        "Size": 1541632,
        "DiffID": "sha256:a9ce09d59fce5034823f98a7f43e483645a43d4bebbe2805647c91881361c33a"
      },
      {
        "Size": 12800,
        "DiffID": "sha256:90b3f1a3b49787d489ee24959e3a3be86f7fc74cd2ce2dd5fedded46899c7ec7"
      },
      {
        "Size": 134733824,
        "DiffID": "sha256:9ec02d12959cf44eb173e4960c0911fd7f42684508309809eeb5f74e1c128a5a"
      },
      {
        "Size": 16896,
        "DiffID": "sha256:f6135876ddf1c0be4d78cc61dc16a209571d118dda7b0ad37894ec5d0aee6a44"
      },
      {
        "Size": 5243904,
        "DiffID": "sha256:95d2b32435d8304dd84e9b11b81cec9f554934a6c1805ab188d4aa6110668807"
      },
      {
        "Size": 5245440,
        "DiffID": "sha256:257c908f5acb82bebc9adad16ee6dd227229c454771f387dae77ed40f22f42e5"
      }
    ]
  },
  "Results": [
    {
      "Target": "682033485149.dkr.ecr.us-east-1.amazonaws.com/dev/kustode:alert-e71559246d8414be4c3582eeda7aeca1d790eb98 (debian 12.10)",
      "Class": "os-pkgs",
      "Type": "debian",
      "Vulnerabilities": [
        {
          "VulnerabilityID": "CVE-2023-2953",
          "PkgID": "libldap-2.5-0@2.5.13+dfsg-5",
          "PkgName": "libldap-2.5-0",
          "PkgIdentifier": {
            "PURL": "pkg:deb/debian/libldap-2.5-0@2.5.13%2Bdfsg-5?arch=amd64\u0026distro=debian-12.10",
            "UID": "b9bd1cf03a5819bf"
          },
          "InstalledVersion": "2.5.13+dfsg-5",
          "Status": "affected",
          "Layer": {
            "DiffID": "sha256:a9ce09d59fce5034823f98a7f43e483645a43d4bebbe2805647c91881361c33a"
          },
          "SeveritySource": "nvd",
          "PrimaryURL": "https://avd.aquasec.com/nvd/cve-2023-2953",
          "DataSource": {
            "ID": "debian",
            "Name": "Debian Security Tracker",
            "URL": "https://salsa.debian.org/security-tracker-team/security-tracker"
          },
          "Title": "openldap: null pointer dereference in  ber_memalloc_x  function",
          "Description": "A vulnerability was found in openldap. This security flaw causes a null pointer dereference in ber_memalloc_x() function.",
          "Severity": "HIGH",
          "CweIDs": [
            "CWE-476"
          ],
          "VendorSeverity": {
            "alma": 1,
            "amazon": 2,
            "bitnami": 3,
            "cbl-mariner": 3,
            "nvd": 3,
            "oracle-oval": 1,
            "photon": 3,
            "redhat": 1,
            "rocky": 1,
            "ubuntu": 1
          },
          "CVSS": {
            "bitnami": {
              "V3Vector": "CVSS:3.1/AV:N/AC:L/PR:N/UI:N/S:U/C:N/I:N/A:H",
              "V3Score": 7.5
            },
            "nvd": {
              "V3Vector": "CVSS:3.1/AV:N/AC:L/PR:N/UI:N/S:U/C:N/I:N/A:H",
              "V3Score": 7.5
            },
            "redhat": {
              "V3Vector": "CVSS:3.1/AV:N/AC:L/PR:N/UI:R/S:U/C:N/I:L/A:H",
              "V3Score": 7.1
            }
          },
          "References": [
            "http://seclists.org/fulldisclosure/2023/Jul/47",
            "http://seclists.org/fulldisclosure/2023/Jul/48",
            "http://seclists.org/fulldisclosure/2023/Jul/52",
            "https://access.redhat.com/errata/RHSA-2024:4264",
            "https://access.redhat.com/security/cve/CVE-2023-2953",
            "https://bugs.openldap.org/show_bug.cgi?id=9904",
            "https://bugzilla.redhat.com/2210651",
            "https://bugzilla.redhat.com/show_bug.cgi?id=2210651",
            "https://cve.mitre.org/cgi-bin/cvename.cgi?name=CVE-2023-2953",
            "https://errata.almalinux.org/8/ALSA-2024-4264.html",
            "https://errata.rockylinux.org/RLSA-2024:4264",
            "https://linux.oracle.com/cve/CVE-2023-2953.html",
            "https://linux.oracle.com/errata/ELSA-2024-4264.html",
            "https://nvd.nist.gov/vuln/detail/CVE-2023-2953",
            "https://security.netapp.com/advisory/ntap-20230703-0005/",
            "https://support.apple.com/kb/HT213843",
            "https://support.apple.com/kb/HT213844",
            "https://support.apple.com/kb/HT213845",
            "https://ubuntu.com/security/notices/USN-6197-1",
            "https://ubuntu.com/security/notices/USN-6616-1",
            "https://www.cve.org/CVERecord?id=CVE-2023-2953"
          ],
          "PublishedDate": "2023-05-30T22:15:10.613Z",
          "LastModifiedDate": "2025-01-10T22:15:23.557Z"
        },
        {
          "VulnerabilityID": "CVE-2023-31484",
          "PkgID": "perl-base@5.36.0-7+deb12u2",
          "PkgName": "perl-base",
          "PkgIdentifier": {
            "PURL": "pkg:deb/debian/perl-base@5.36.0-7%2Bdeb12u2?arch=amd64\u0026distro=debian-12.10",
            "UID": "170e64dcedbd4508"
          },
          "InstalledVersion": "5.36.0-7+deb12u2",
          "Status": "affected",
          "Layer": {
            "DiffID": "sha256:6c4c763d22d0c5f9b2c5901dfa667fbbc4713cee6869336b8fd5022185071f1c"
          },
          "SeveritySource": "nvd",
          "PrimaryURL": "https://avd.aquasec.com/nvd/cve-2023-31484",
          "DataSource": {
            "ID": "debian",
            "Name": "Debian Security Tracker",
            "URL": "https://salsa.debian.org/security-tracker-team/security-tracker"
          },
          "Title": "perl: CPAN.pm does not verify TLS certificates when downloading distributions over HTTPS",
          "Description": "CPAN.pm before 2.35 does not verify TLS certificates when downloading distributions over HTTPS.",
          "Severity": "HIGH",
          "CweIDs": [
            "CWE-295"
          ],
          "VendorSeverity": {
            "alma": 2,
            "amazon": 3,
            "cbl-mariner": 3,
            "nvd": 3,
            "oracle-oval": 2,
            "redhat": 2,
            "rocky": 2,
            "ubuntu": 2
          },
          "CVSS": {
            "nvd": {
              "V3Vector": "CVSS:3.1/AV:N/AC:H/PR:N/UI:N/S:U/C:H/I:H/A:H",
              "V3Score": 8.1
            },
            "redhat": {
              "V3Vector": "CVSS:3.1/AV:N/AC:H/PR:N/UI:N/S:U/C:H/I:H/A:N",
              "V3Score": 7.4
            }
          },
          "References": [
            "http://www.openwall.com/lists/oss-security/2023/04/29/1",
            "http://www.openwall.com/lists/oss-security/2023/05/03/3",
            "http://www.openwall.com/lists/oss-security/2023/05/03/5",
            "http://www.openwall.com/lists/oss-security/2023/05/07/2",
            "https://access.redhat.com/errata/RHSA-2023:6539",
            "https://access.redhat.com/security/cve/CVE-2023-31484",
            "https://blog.hackeriet.no/perl-http-tiny-insecure-tls-default-affects-cpan-modules/",
            "https://bugzilla.redhat.com/2218667",
            "https://bugzilla.redhat.com/show_bug.cgi?id=2218667",
            "https://cve.mitre.org/cgi-bin/cvename.cgi?name=CVE-2023-31484",
            "https://errata.almalinux.org/9/ALSA-2023-6539.html",
            "https://errata.rockylinux.org/RLSA-2023:6539",
            "https://github.com/andk/cpanpm/commit/9c98370287f4e709924aee7c58ef21c85289a7f0 (2.35-TRIAL)",
            "https://github.com/andk/cpanpm/pull/175",
            "https://linux.oracle.com/cve/CVE-2023-31484.html",
            "https://linux.oracle.com/errata/ELSA-2024-3094.html",
            "https://lists.fedoraproject.org/archives/list/package-announce%40lists.fedoraproject.org/message/BM6UW55CNFUTNGD5ZRKGUKKKFDJGMFHL/",
            "https://lists.fedoraproject.org/archives/list/package-announce%40lists.fedoraproject.org/message/LEGCEOKFJVBJ2QQ6S2H4NAEWTUERC7SB/",
            "https://metacpan.org/dist/CPAN/changes",
            "https://nvd.nist.gov/vuln/detail/CVE-2023-31484",
            "https://security.netapp.com/advisory/ntap-20240621-0007/",
            "https://ubuntu.com/security/notices/USN-6112-1",
            "https://ubuntu.com/security/notices/USN-6112-2",
            "https://www.cve.org/CVERecord?id=CVE-2023-31484",
            "https://www.openwall.com/lists/oss-security/2023/04/18/14"
          ],
          "PublishedDate": "2023-04-29T00:15:09Z",
          "LastModifiedDate": "2024-11-21T08:01:57.707Z"
        },
        {
          "VulnerabilityID": "CVE-2023-45853",
          "PkgID": "zlib1g@1:1.2.13.dfsg-1",
          "PkgName": "zlib1g",
          "PkgIdentifier": {
            "PURL": "pkg:deb/debian/zlib1g@1.2.13.dfsg-1?arch=amd64\u0026distro=debian-12.10\u0026epoch=1",
            "UID": "a68dc3e936e6a0f7"
          },
          "InstalledVersion": "1:1.2.13.dfsg-1",
          "Status": "will_not_fix",
          "Layer": {
            "DiffID": "sha256:6c4c763d22d0c5f9b2c5901dfa667fbbc4713cee6869336b8fd5022185071f1c"
          },
          "SeveritySource": "nvd",
          "PrimaryURL": "https://avd.aquasec.com/nvd/cve-2023-45853",
          "DataSource": {
            "ID": "debian",
            "Name": "Debian Security Tracker",
            "URL": "https://salsa.debian.org/security-tracker-team/security-tracker"
          },
          "Title": "zlib: integer overflow and resultant heap-based buffer overflow in zipOpenNewFileInZip4_6",
          "Description": "MiniZip in zlib through 1.3 has an integer overflow and resultant heap-based buffer overflow in zipOpenNewFileInZip4_64 via a long filename, comment, or extra field. NOTE: MiniZip is not a supported part of the zlib product. NOTE: pyminizip through 0.2.6 is also vulnerable because it bundles an affected zlib version, and exposes the applicable MiniZip code through its compress API.",
          "Severity": "CRITICAL",
          "CweIDs": [
            "CWE-190"
          ],
          "VendorSeverity": {
            "amazon": 2,
            "azure": 3,
            "cbl-mariner": 4,
            "ghsa": 4,
            "nvd": 4,
            "photon": 4,
            "redhat": 2,
            "ubuntu": 2
          },
          "CVSS": {
            "ghsa": {
              "V3Vector": "CVSS:3.1/AV:N/AC:L/PR:N/UI:N/S:U/C:H/I:H/A:H",
              "V3Score": 9.8
            },
            "nvd": {
              "V3Vector": "CVSS:3.1/AV:N/AC:L/PR:N/UI:N/S:U/C:H/I:H/A:H",
              "V3Score": 9.8
            },
            "redhat": {
              "V3Vector": "CVSS:3.1/AV:L/AC:L/PR:N/UI:R/S:U/C:L/I:L/A:L",
              "V3Score": 5.3
            }
          },
          "References": [
            "http://www.openwall.com/lists/oss-security/2023/10/20/9",
            "http://www.openwall.com/lists/oss-security/2024/01/24/10",
            "https://access.redhat.com/security/cve/CVE-2023-45853",
            "https://chromium.googlesource.com/chromium/src/+/d709fb23806858847131027da95ef4c548813356",
            "https://chromium.googlesource.com/chromium/src/+/de29dd6c7151d3cd37cb4cf0036800ddfb1d8b61",
            "https://github.com/madler/zlib/blob/ac8f12c97d1afd9bafa9c710f827d40a407d3266/contrib/README.contrib#L1-L4",
            "https://github.com/madler/zlib/commit/73331a6a0481067628f065ffe87bb1d8f787d10c",
            "https://github.com/madler/zlib/pull/843",
            "https://github.com/smihica/pyminizip",
            "https://github.com/smihica/pyminizip/blob/master/zlib-1.2.11/contrib/minizip/zip.c",
            "https://lists.debian.org/debian-lts-announce/2023/11/msg00026.html",
            "https://nvd.nist.gov/vuln/detail/CVE-2023-45853",
            "https://pypi.org/project/pyminizip/#history",
            "https://security.gentoo.org/glsa/202401-18",
            "https://security.netapp.com/advisory/ntap-20231130-0009",
            "https://security.netapp.com/advisory/ntap-20231130-0009/",
            "https://ubuntu.com/security/notices/USN-7107-1",
            "https://www.cve.org/CVERecord?id=CVE-2023-45853",
            "https://www.winimage.com/zLibDll/minizip.html"
          ],
          "PublishedDate": "2023-10-14T02:15:09.323Z",
          "LastModifiedDate": "2024-12-20T17:41:31.237Z"
        }
      ]
    },
    {
      "Target": "Python",
      "Class": "lang-pkgs",
      "Type": "python-pkg",
      "Vulnerabilities": [
        {
          "VulnerabilityID": "CVE-2024-6345",
          "PkgName": "setuptools",
          "PkgPath": "usr/local/lib/python3.11/site-packages/setuptools-65.5.1.dist-info/METADATA",
          "PkgIdentifier": {
            "PURL": "pkg:pypi/setuptools@65.5.1",
            "UID": "d283ebd8a092b80b"
          },
          "InstalledVersion": "65.5.1",
          "FixedVersion": "70.0.0",
          "Status": "fixed",
          "Layer": {
            "DiffID": "sha256:91bd78b864ed8711350ab463a5d123ea251c61161da4456b13662a6e8e7a4dbc"
          },
          "SeveritySource": "ghsa",
          "PrimaryURL": "https://avd.aquasec.com/nvd/cve-2024-6345",
          "DataSource": {
            "ID": "ghsa",
            "Name": "GitHub Security Advisory pip",
            "URL": "https://github.com/advisories?query=type%3Areviewed+ecosystem%3Apip"
          },
          "Title": "pypa/setuptools: Remote code execution via download functions in the package_index module in pypa/setuptools",
          "Description": "A vulnerability in the package_index module of pypa/setuptools versions up to 69.1.1 allows for remote code execution via its download functions. These functions, which are used to download packages from URLs provided by users or retrieved from package index servers, are susceptible to code injection. If these functions are exposed to user-controlled inputs, such as package URLs, they can execute arbitrary commands on the system. The issue is fixed in version 70.0.",
          "Severity": "HIGH",
          "CweIDs": [
            "CWE-94"
          ],
          "VendorSeverity": {
            "alma": 3,
            "amazon": 3,
            "azure": 3,
            "bitnami": 3,
            "cbl-mariner": 3,
            "ghsa": 3,
            "oracle-oval": 3,
            "photon": 3,
            "redhat": 3,
            "rocky": 3,
            "ubuntu": 2
          },
          "CVSS": {
            "bitnami": {
              "V3Vector": "CVSS:3.0/AV:N/AC:L/PR:N/UI:R/S:U/C:H/I:H/A:H",
              "V3Score": 8.8
            },
            "ghsa": {
              "V3Vector": "CVSS:3.1/AV:N/AC:L/PR:N/UI:R/S:U/C:H/I:H/A:H",
              "V3Score": 8.8
            },
            "redhat": {
              "V3Vector": "CVSS:3.1/AV:N/AC:L/PR:N/UI:R/S:U/C:H/I:H/A:H",
              "V3Score": 8.8
            }
          },
          "References": [
            "https://access.redhat.com/errata/RHSA-2024:6726",
            "https://access.redhat.com/security/cve/CVE-2024-6345",
            "https://bugzilla.redhat.com/2297771",
            "https://bugzilla.redhat.com/show_bug.cgi?id=2297771",
            "https://cve.mitre.org/cgi-bin/cvename.cgi?name=CVE-2024-6345",
            "https://errata.almalinux.org/9/ALSA-2024-6726.html",
            "https://errata.rockylinux.org/RLSA-2024:6726",
            "https://github.com/pypa/setuptools",
            "https://github.com/pypa/setuptools/commit/88807c7062788254f654ea8c03427adc859321f0",
            "https://github.com/pypa/setuptools/pull/4332",
            "https://huntr.com/bounties/d6362117-ad57-4e83-951f-b8141c6e7ca5",
            "https://linux.oracle.com/cve/CVE-2024-6345.html",
            "https://linux.oracle.com/errata/ELSA-2024-6726.html",
            "https://nvd.nist.gov/vuln/detail/CVE-2024-6345",
            "https://ubuntu.com/security/notices/USN-7002-1",
            "https://www.cve.org/CVERecord?id=CVE-2024-6345"
          ],
          "PublishedDate": "2024-07-15T01:15:01.73Z",
          "LastModifiedDate": "2024-11-21T09:49:28.17Z"
        }
      ]
    },
    {
      "Target": "/app/docker-compose.yml",
      "Class": "secret",
      "Secrets": [
        {
          "RuleID": "aws-access-key-id",
          "Category": "AWS",
          "Severity": "CRITICAL",
          "Title": "AWS Access Key ID",
          "StartLine": 33,
          "EndLine": 33,
          "Code": {
            "Lines": [
              {
                "Number": 31,
                "Content": "      # AWS",
                "IsCause": false,
                "Annotation": "",
                "Truncated": false,
                "Highlighted": "      # AWS",
                "FirstCause": false,
                "LastCause": false
              },
              {
                "Number": 32,
                "Content": "      - AWS_PROFILE=medical-billing",
                "IsCause": false,
                "Annotation": "",
                "Truncated": false,
                "Highlighted": "      - AWS_PROFILE=medical-billing",
                "FirstCause": false,
                "LastCause": false
              },
              {
                "Number": 33,
                "Content": "      - AWS_ACCESS_KEY_ID=********************",
                "IsCause": true,
                "Annotation": "",
                "Truncated": false,
                "Highlighted": "      - AWS_ACCESS_KEY_ID=********************",
                "FirstCause": true,
                "LastCause": true
              },
              {
                "Number": 34,
                "Content": "      - AWS_SECRET_ACCESS_KEY=****************************************",
                "IsCause": false,
                "Annotation": "",
                "Truncated": false,
                "Highlighted": "      - AWS_SECRET_ACCESS_KEY=****************************************",
                "FirstCause": false,
                "LastCause": false
              }
            ]
          },
          "Match": "      - AWS_ACCESS_KEY_ID=********************",
          "Layer": {
            "DiffID": "sha256:257c908f5acb82bebc9adad16ee6dd227229c454771f387dae77ed40f22f42e5",
            "CreatedBy": "RUN /bin/sh -c chmod -R 550 /app \u0026\u0026     chmod -R 770 /app/logs /app/data /app/alerts # buildkit"
          }
        },
        {
          "RuleID": "aws-access-key-id",
          "Category": "AWS",
          "Severity": "CRITICAL",
          "Title": "AWS Access Key ID",
          "StartLine": 122,
          "EndLine": 122,
          "Code": {
            "Lines": [
              {
                "Number": 120,
                "Content": "      - ORGANIZATION_TAX_ID=12-3456789",
                "IsCause": false,
                "Annotation": "",
                "Truncated": false,
                "Highlighted": "      - ORGANIZATION_TAX_ID=12-3456789",
                "FirstCause": false,
                "LastCause": false
              },
              {
                "Number": 121,
                "Content": "      # AWS",
                "IsCause": false,
                "Annotation": "",
                "Truncated": false,
                "Highlighted": "      # AWS",
                "FirstCause": false,
                "LastCause": false
              },
              {
                "Number": 122,
                "Content": "      - AWS_ACCESS_KEY_ID=********************",
                "IsCause": true,
                "Annotation": "",
                "Truncated": false,
                "Highlighted": "      - AWS_ACCESS_KEY_ID=********************",
                "FirstCause": true,
                "LastCause": true
              },
              {
                "Number": 123,
                "Content": "      - AWS_SECRET_ACCESS_KEY=****************************************",
                "IsCause": false,
                "Annotation": "",
                "Truncated": false,
                "Highlighted": "      - AWS_SECRET_ACCESS_KEY=****************************************",
                "FirstCause": false,
                "LastCause": false
              }
            ]
          },
          "Match": "      - AWS_ACCESS_KEY_ID=********************",
          "Layer": {
            "DiffID": "sha256:257c908f5acb82bebc9adad16ee6dd227229c454771f387dae77ed40f22f42e5",
            "CreatedBy": "RUN /bin/sh -c chmod -R 550 /app \u0026\u0026     chmod -R 770 /app/logs /app/data /app/alerts # buildkit"
          }
        },
        {
          "RuleID": "aws-secret-access-key",
          "Category": "AWS",
          "Severity": "CRITICAL",
          "Title": "AWS Secret Access Key",
          "StartLine": 34,
          "EndLine": 34,
          "Code": {
            "Lines": [
              {
                "Number": 32,
                "Content": "      - AWS_PROFILE=medical-billing",
                "IsCause": false,
                "Annotation": "",
                "Truncated": false,
                "Highlighted": "      - AWS_PROFILE=medical-billing",
                "FirstCause": false,
                "LastCause": false
              },
              {
                "Number": 33,
                "Content": "      - AWS_ACCESS_KEY_ID=********************",
                "IsCause": false,
                "Annotation": "",
                "Truncated": false,
                "Highlighted": "      - AWS_ACCESS_KEY_ID=********************",
                "FirstCause": false,
                "LastCause": false
              },
              {
                "Number": 34,
                "Content": "      - AWS_SECRET_ACCESS_KEY=****************************************",
                "IsCause": true,
                "Annotation": "",
                "Truncated": false,
                "Highlighted": "      - AWS_SECRET_ACCESS_KEY=****************************************",
                "FirstCause": true,
                "LastCause": true
              },
              {
                "Number": 35,
                "Content": "      - AWS_REGION=us-east-1",
                "IsCause": false,
                "Annotation": "",
                "Truncated": false,
                "Highlighted": "      - AWS_REGION=us-east-1",
                "FirstCause": false,
                "LastCause": false
              }
            ]
          },
          "Match": "      - AWS_SECRET_ACCESS_KEY=****************************************",
          "Layer": {
            "DiffID": "sha256:257c908f5acb82bebc9adad16ee6dd227229c454771f387dae77ed40f22f42e5",
            "CreatedBy": "RUN /bin/sh -c chmod -R 550 /app \u0026\u0026     chmod -R 770 /app/logs /app/data /app/alerts # buildkit"
          }
        },
        {
          "RuleID": "aws-secret-access-key",
          "Category": "AWS",
          "Severity": "CRITICAL",
          "Title": "AWS Secret Access Key",
          "StartLine": 123,
          "EndLine": 123,
          "Code": {
            "Lines": [
              {
                "Number": 121,
                "Content": "      # AWS",
                "IsCause": false,
                "Annotation": "",
                "Truncated": false,
                "Highlighted": "      # AWS",
                "FirstCause": false,
                "LastCause": false
              },
              {
                "Number": 122,
                "Content": "      - AWS_ACCESS_KEY_ID=********************",
                "IsCause": false,
                "Annotation": "",
                "Truncated": false,
                "Highlighted": "      - AWS_ACCESS_KEY_ID=********************",
                "FirstCause": false,
                "LastCause": false
              },
              {
                "Number": 123,
                "Content": "      - AWS_SECRET_ACCESS_KEY=****************************************",
                "IsCause": true,
                "Annotation": "",
                "Truncated": false,
                "Highlighted": "      - AWS_SECRET_ACCESS_KEY=****************************************",
                "FirstCause": true,
                "LastCause": true
              },
              {
                "Number": 124,
                "Content": "      - AWS_REGION=us-east-1",
                "IsCause": false,
                "Annotation": "",
                "Truncated": false,
                "Highlighted": "      - AWS_REGION=us-east-1",
                "FirstCause": false,
                "LastCause": false
              }
            ]
          },
          "Match": "      - AWS_SECRET_ACCESS_KEY=****************************************",
          "Layer": {
            "DiffID": "sha256:257c908f5acb82bebc9adad16ee6dd227229c454771f387dae77ed40f22f42e5",
            "CreatedBy": "RUN /bin/sh -c chmod -R 550 /app \u0026\u0026     chmod -R 770 /app/logs /app/data /app/alerts # buildkit"
          }
        }
      ]
    }
  ]
}
